ticker,date,last,volume
7272 JT,2016-08-01,1516.9604,9527400
7272 JT,2016-08-02,1466.9696,4340400
7272 JT,2016-08-03,1415.2551,5381300
7272 JT,2016-08-04,1470.4173,4717700
7272 JT,2016-08-05,1491.1031,5822500
7272 JT,2016-08-08,1584.1893,5361200
7272 JT,2016-08-09,1646.2468,5581700
7272 JT,2016-08-10,1623.8371,3328700
7272 JT,2016-08-12,1667.7945,3242800
7272 JT,2016-08-15,1660.0373,1787700
7272 JT,2016-08-16,1635.9038,2652100
7272 JT,2016-08-17,1639.3515,3567000
7272 JT,2016-08-18,1631.5943,2654600
7272 JT,2016-08-19,1685.8946,2916800
7272 JT,2016-08-22,1701.409,2232900
7272 JT,2016-08-23,1641.9372,2766400
7272 JT,2016-08-24,1650.5563,1529800
7272 JT,2016-08-25,1658.3135,2437000
7272 JT,2016-08-26,1647.9706,2165100
7272 JT,2016-08-29,1757.4331,5392600
7272 JT,2016-08-30,1771.2236,2471400
7272 JT,2016-08-31,1827.2477,3099400
7272 JT,2016-09-01,1823.8001,2787400
7272 JT,2016-09-02,1794.4952,3256500
7272 JT,2016-09-05,1812.5953,2072400
7272 JT,2016-09-06,1831.5573,1517300
7272 JT,2016-09-07,1783.2903,3127400
7272 JT,2016-09-08,1806.5619,2497400
7272 JT,2016-09-09,1794.4952,3050300
7272 JT,2016-09-12,1755.7092,1844200
7272 JT,2016-09-13,1777.257,2509200
7272 JT,2016-09-14,1745.3663,2291800
7272 JT,2016-09-15,1687.6184,2871700
7272 JT,2016-09-16,1696.2375,2203700
7272 JT,2016-09-20,1692.7899,2580700
7272 JT,2016-09-21,1741.0568,3454700
7272 JT,2016-09-23,1704.8566,2108200
7272 JT,2016-09-26,1689.3422,1542100
7272 JT,2016-09-27,1726.4043,2104300
7272 JT,2016-09-28,1716.0614,1551600
7272 JT,2016-09-29,1779.8427,2467500
7272 JT,2016-09-30,1741.0568,2403900
7272 JT,2016-10-03,1735.0234,1699400
7272 JT,2016-10-04,1783.2903,2121300
7272 JT,2016-10-05,1859.1384,3327900
7272 JT,2016-10-06,1857.4145,2020300
7272 JT,2016-10-07,1881.548,2393500
7272 JT,2016-10-11,1888.4433,2258300
7272 JT,2016-10-12,1857.4145,1256600
7272 JT,2016-10-13,1856.5526,2292700
7272 JT,2016-10-14,1865.1717,1852600
7272 JT,2016-10-17,1872.067,1233200
7272 JT,2016-10-18,1872.9289,1493800
7272 JT,2016-10-19,1849.6574,1761600
7272 JT,2016-10-20,1905.6815,2028100
7272 JT,2016-10-21,1919.472,1570800
7272 JT,2016-10-24,1918.6101,1093000
7272 JT,2016-10-25,1955.6722,1644300
7272 JT,2016-10-26,1954.8103,1264600
7272 JT,2016-10-27,1951.3626,1231600
7272 JT,2016-10-28,1988.4247,2268700
7272 JT,2016-10-31,2012.5582,2066100
7272 JT,2016-11-01,2025.4868,1758600
7272 JT,2016-11-02,1956.5341,2334800
7272 JT,2016-11-04,1986.7009,2856800
7272 JT,2016-11-07,2062.5489,2629500
7272 JT,2016-11-08,2085.8205,1928900
7272 JT,2016-11-09,1901.3719,5237300
7272 JT,2016-11-10,2092.7158,3633700
7272 JT,2016-11-11,2104.7825,3868000
7272 JT,2016-11-14,2147.0161,2347100
7272 JT,2016-11-15,2172.0114,1726000
7272 JT,2016-11-16,2187.5258,2132500
7272 JT,2016-11-17,2188.3877,2039000
7272 JT,2016-11-18,2260.7881,2779000
7272 JT,2016-11-21,2228.0355,2296800
7272 JT,2016-11-22,2183.2162,2293500
7272 JT,2016-11-24,2240.9642,2539800
7272 JT,2016-11-25,2284.0596,2576900
7272 JT,2016-11-28,2285.7835,1748600
7272 JT,2016-11-29,2271.9929,2006200
7272 JT,2016-11-30,2267.6834,2478900
7272 JT,2016-12-01,2337.498,3830600
7272 JT,2016-12-02,2345.2552,1904800
7272 JT,2016-12-05,2329.7408,2253000
7272 JT,2016-12-06,2335.7742,1899800
7272 JT,2016-12-07,2343.5314,2065600
7272 JT,2016-12-08,2372.8363,2840200
7272 JT,2016-12-09,2351.2886,4426200
7272 JT,2016-12-12,2395.2459,3853800
7272 JT,2016-12-13,2353.8743,3023600
7272 JT,2016-12-14,2365.941,1634900
7272 JT,2016-12-15,2396.9698,2615000
7272 JT,2016-12-16,2420.2413,1848900
7272 JT,2016-12-19,2401.2793,1640500
7272 JT,2016-12-20,2313.3646,5097800
7272 JT,2016-12-21,2304.7455,2842300
7272 JT,2016-12-22,2305.6074,2605000
7272 JT,2016-12-26,2290.093,1295000
7272 JT,2016-12-27,2303.8835,1608000
7272 JT,2016-12-28,2294.2941,2110500
7272 JT,2016-12-29,2238.5058,2751200
7272 JT,2016-12-30,2243.736,1556800
7272 JT,2017-01-04,2298.6526,3023600
7272 JT,2017-01-05,2290.8074,1857300
7272 JT,2017-01-06,2205.3815,4004400
7272 JT,2017-01-10,2202.7664,3150100
7272 JT,2017-01-11,2221.9437,1623500
7272 JT,2017-01-12,2195.7929,1925900
7272 JT,2017-01-13,2176.6157,3021900
7272 JT,2017-01-16,2160.0535,2312100
7272 JT,2017-01-17,2099.0351,3399600
7272 JT,2017-01-18,2132.1594,2354900
7272 JT,2017-01-19,2151.3366,1789300
7272 JT,2017-01-20,2158.3101,1253100
7272 JT,2017-01-23,2099.0351,2285100
7272 JT,2017-01-24,2052.8354,3141900
7272 JT,2017-01-25,2085.088,1815000
7272 JT,2017-01-26,2109.4954,1708900
7272 JT,2017-01-27,2115.5972,1671200
7272 JT,2017-01-30,2108.6237,1098100
7272 JT,2017-01-31,2051.9637,2183500
7272 JT,2017-02-01,2062.424,1509400
7272 JT,2017-02-02,2025.8129,1675000
7272 JT,2017-02-03,2033.6581,1573900
7272 JT,2017-02-06,2042.3751,1227900
7272 JT,2017-02-07,2024.9412,1471000
7272 JT,2017-02-08,2064.1674,1519300
7272 JT,2017-02-09,2044.9901,1603500
7272 JT,2017-02-10,2202.7664,4709300
7272 JT,2017-02-13,2244.6077,3674900
7272 JT,2017-02-14,2230.6606,1664700
7272 JT,2017-02-15,2268.1434,1684500
7272 JT,2017-02-16,2270.7584,1886900
7272 JT,2017-02-17,2247.2227,1641700
7272 JT,2017-02-20,2255.068,1455000
7272 JT,2017-02-21,2306.4978,2319100
7272 JT,2017-02-22,2289.9357,1534200
7272 JT,2017-02-23,2276.8603,1243800
7272 JT,2017-02-24,2271.6301,1360300
7272 JT,2017-02-27,2229.7889,1516600
7272 JT,2017-02-28,2265.5283,2138900
7272 JT,2017-03-01,2298.6526,2262800
7272 JT,2017-03-02,2296.9092,2240600
7272 JT,2017-03-03,2289.9357,1201800
7272 JT,2017-03-06,2298.6526,804900
7272 JT,2017-03-07,2308.2412,1283700
7272 JT,2017-03-08,2304.7544,1636400
7272 JT,2017-03-09,2329.1618,1516000
7272 JT,2017-03-10,2387.5652,3735500
7272 JT,2017-03-13,2396.2821,2627800
7272 JT,2017-03-14,2419.8178,2376500
7272 JT,2017-03-15,2399.7689,1654500
7272 JT,2017-03-16,2397.1538,1593900
7272 JT,2017-03-17,2359.6711,2030000
7272 JT,2017-03-21,2365.7729,1522800
7272 JT,2017-03-22,2303.0111,1499300
7272 JT,2017-03-23,2302.1394,1410400
7272 JT,2017-03-24,2311.728,1893500
7272 JT,2017-03-27,2289.9357,1695200
7272 JT,2017-03-28,2321.3166,1996200
7272 JT,2017-03-29,2338.7504,1782700
7272 JT,2017-03-30,2361.4144,2085400
7272 JT,2017-03-31,2337.0071,2306900
7272 JT,2017-04-03,2316.0864,2102400
7272 JT,2017-04-04,2255.9397,2651200
7272 JT,2017-04-05,2248.9661,1782100
7272 JT,2017-04-06,2201.0231,2268300
7272 JT,2017-04-07,2200.1514,2140300
7272 JT,2017-04-10,2223.6871,1716400
7272 JT,2017-04-11,2220.2003,1506500
7272 JT,2017-04-12,2193.1778,1950500
7272 JT,2017-04-13,2174.0006,2467000
7272 JT,2017-04-14,2163.5403,2196700
7272 JT,2017-04-17,2140.0046,1965800
7272 JT,2017-04-18,2146.9781,1744100
7272 JT,2017-04-19,2140.0046,2152700
7272 JT,2017-04-20,2162.6686,1919900
7272 JT,2017-04-21,2191.4344,1922300
7272 JT,2017-04-24,2201.8947,1961000
7272 JT,2017-04-25,2241.1209,1804000
7272 JT,2017-04-26,2285.5772,2410200
7272 JT,2017-04-27,2279.4754,1411200
7272 JT,2017-04-28,2302.1394,2160700
7272 JT,2017-05-01,2313.4714,1316700
7272 JT,2017-05-02,2343.1089,1626600
7272 JT,2017-05-08,2388.4369,2325000
7272 JT,2017-05-09,2371.0031,1588300
7272 JT,2017-05-10,2387.5652,1555500
7272 JT,2017-05-11,2404.1274,1769000
7272 JT,2017-05-12,2372.7464,2458000
7272 JT,2017-05-15,2446.8403,4493900
7272 JT,2017-05-16,2485.1947,3394900
7272 JT,2017-05-17,2486.9381,2817900
7272 JT,2017-05-18,2462.5307,2450000
7272 JT,2017-05-19,2479.0929,2367700
7272 JT,2017-05-22,2521.8058,2420400
7272 JT,2017-05-23,2463.4024,2804800
7272 JT,2017-05-24,2486.0664,1288300
7272 JT,2017-05-25,2475.6061,1302200
7272 JT,2017-05-26,2450.3271,1295900
7272 JT,2017-05-29,2435.5083,1445800
7272 JT,2017-05-30,2421.5612,1500400
7272 JT,2017-05-31,2424.1763,1564500
7272 JT,2017-06-01,2441.6101,1898900
7272 JT,2017-06-02,2569.7489,4262900
7272 JT,2017-06-05,2561.9037,2096800
7272 JT,2017-06-06,2536.6246,1643400
7272 JT,2017-06-07,2577.5941,2574700
7272 JT,2017-06-08,2569.7489,1589400
7272 JT,2017-06-09,2593.2846,2290300
7272 JT,2017-06-12,2563.6471,1400100
7272 JT,2017-06-13,2534.8812,1394200
7272 JT,2017-06-14,2505.2437,1312200
7272 JT,2017-06-15,2460.7874,1684500
7272 JT,2017-06-16,2483.4514,1401200
7272 JT,2017-06-19,2503.5003,1510700
7272 JT,2017-06-20,2545.3415,1788900
7272 JT,2017-06-21,2553.1867,1414300
7272 JT,2017-06-22,2561.9037,1699000
7272 JT,2017-06-23,2600.2581,1895900
7272 JT,2017-06-26,2595.8997,1324300
7272 JT,2017-06-27,2598.5147,1716700
7272 JT,2017-06-28,2600.2816,1514900
7272 JT,2017-06-29,2569.3679,2522600
7272 JT,2017-06-30,2559.6522,1336900
7272 JT,2017-07-03,2564.9517,990800
7272 JT,2017-07-04,2557.8857,1359200
7272 JT,2017-07-05,2588.7994,976300
7272 JT,2017-07-06,2565.8349,1567200
7272 JT,2017-07-07,2570.2512,948800
7272 JT,2017-07-10,2600.2816,1290100
7272 JT,2017-07-11,2619.7131,1023600
7272 JT,2017-07-12,2604.6979,1172000
7272 JT,2017-07-13,2561.4187,1522500
7272 JT,2017-07-14,2569.3679,1461100
7272 JT,2017-07-18,2561.4187,1258100
7272 JT,2017-07-19,2513.7233,2356100
7272 JT,2017-07-20,2536.6878,1362300
7272 JT,2017-07-21,2525.2055,1251300
7272 JT,2017-07-24,2473.9772,1650900
7272 JT,2017-07-25,2466.9112,1489500
7272 JT,2017-07-26,2491.6421,1592700
7272 JT,2017-07-27,2469.5609,1568700
7272 JT,2017-07-28,2435.9975,1784700
7272 JT,2017-07-31,2455.429,1353500
7272 JT,2017-08-01,2468.6777,1213400
7272 JT,2017-08-02,2514.6066,1770800
7272 JT,2017-08-03,2521.6726,1231200
7272 JT,2017-08-04,2526.0888,1173300
7272 JT,2017-08-07,2560.5355,1475600
7272 JT,2017-08-08,2576.4339,1850500
7272 JT,2017-08-09,2711.5708,4755400
7272 JT,2017-08-10,2751.317,2289900
7272 JT,2017-08-14,2795.4794,2228400
7272 JT,2017-08-15,2808.7281,1487300
7272 JT,2017-08-16,2808.7281,1500900
7272 JT,2017-08-17,2799.8956,1101400
7272 JT,2017-08-18,2773.3982,1209700
7272 JT,2017-08-21,2707.1546,1833000
7272 JT,2017-08-22,2733.652,972400
7272 JT,2017-08-23,2733.652,917900
7272 JT,2017-08-24,2733.652,901200
7272 JT,2017-08-25,2764.5657,1059900
7272 JT,2017-08-28,2738.0683,984300
7272 JT,2017-08-29,2733.652,754700
7272 JT,2017-08-30,2724.8196,974200
7272 JT,2017-08-31,2746.9008,1113000
7272 JT,2017-09-01,2729.2358,993800
7272 JT,2017-09-04,2733.652,787100
7272 JT,2017-09-05,2720.4033,978300
7272 JT,2017-09-06,2698.3221,1493700
7272 JT,2017-09-07,2729.2358,1044000
7272 JT,2017-09-08,2693.9059,1885700
7272 JT,2017-09-11,2782.2307,1420300
7272 JT,2017-09-12,2817.5606,1104800
7272 JT,2017-09-13,2857.3067,1345900
7272 JT,2017-09-14,2817.5606,904700
7272 JT,2017-09-15,2848.4743,1037700
7272 JT,2017-09-19,2892.6366,1596400
7272 JT,2017-09-20,2905.8854,1309600
7272 JT,2017-09-21,2945.6315,1628400
7272 JT,2017-09-22,2958.8802,2096300
7272 JT,2017-09-25,3020.7076,1401200
7272 JT,2017-09-26,3011.8751,1167000
7272 JT,2017-09-27,3056.0375,1161000
7272 JT,2017-09-28,3038.3725,1506800
7272 JT,2017-09-29,2976.5452,1800000
7272 JT,2017-10-02,2967.7127,943700
7272 JT,2017-10-03,2976.5452,1208600
7272 JT,2017-10-04,2919.1341,1676300
7272 JT,2017-10-05,2901.4691,1419800
7272 JT,2017-10-06,2883.8042,2032100
7272 JT,2017-10-10,2910.3016,1120700
7272 JT,2017-10-11,2927.9666,1606200
7272 JT,2017-10-12,2927.9666,1141600
7272 JT,2017-10-13,2914.7178,2268900
7272 JT,2017-10-16,2914.7178,1279600
7272 JT,2017-10-17,2927.9666,1851100
7272 JT,2017-10-18,2910.3016,1259600
7272 JT,2017-10-19,2919.1341,1030600
7272 JT,2017-10-20,2905.8854,1884800
7272 JT,2017-10-23,2923.5503,1803400
7272 JT,2017-10-24,2923.5503,1651400
7272 JT,2017-10-25,2972.1289,2378200
7272 JT,2017-10-26,3016.2913,3287000
7272 JT,2017-10-27,3003.0426,1978100
7272 JT,2017-10-30,3003.0426,1358600
7272 JT,2017-10-31,2976.5452,1304300
7272 JT,2017-11-01,3020.7076,2847300
7272 JT,2017-11-02,3091.3674,4642100
7272 JT,2017-11-06,3162.0272,3560800
7272 JT,2017-11-07,3126.6973,2015700
7272 JT,2017-11-08,3095.7836,1812800
7272 JT,2017-11-09,3064.87,2323500
7272 JT,2017-11-10,3003.0426,1979400
7272 JT,2017-11-13,2989.7939,1144300
7272 JT,2017-11-14,3007.4589,1552000
7272 JT,2017-11-15,2976.5452,1817600
7272 JT,2017-11-16,3113.4486,2709000
7272 JT,2017-11-17,3148.7785,2252700
7272 JT,2017-11-20,3131.1136,1013700
7272 JT,2017-11-21,3201.7734,1633600
7272 JT,2017-11-22,3241.5195,2132800
7272 JT,2017-11-24,3201.7734,1098700
7272 JT,2017-11-27,3170.8597,1159500
7272 JT,2017-11-28,3162.0272,1219500
7272 JT,2017-11-29,3069.2862,4262000
7272 JT,2017-11-30,3109.0324,2482600
7272 JT,2017-12-01,3100.1999,1968000
7272 JT,2017-12-04,3086.9512,1182500
7272 JT,2017-12-05,3117.8648,1710100
7272 JT,2017-12-06,3069.2862,2079500
7272 JT,2017-12-07,3069.2862,1651200
7272 JT,2017-12-08,3113.4486,2513300
7272 JT,2017-12-11,3166.4435,1553100
7272 JT,2017-12-12,3153.1948,993800
7272 JT,2017-12-13,3157.611,1518200
7272 JT,2017-12-14,3139.946,1130400
7272 JT,2017-12-15,3113.4486,1628900
7272 JT,2017-12-18,3184.1084,1853600
7272 JT,2017-12-19,3219.4383,1529600
7272 JT,2017-12-20,3228.2708,1020100
7272 JT,2017-12-21,3276.8495,1205600
7272 JT,2017-12-22,3316.5956,1469200
7272 JT,2017-12-25,3298.9306,524800
7272 JT,2017-12-26,3294.5144,852700
7272 JT,2017-12-27,3302.5704,636700
7272 JT,2017-12-28,3302.5704,600800
7272 JT,2017-12-29,3307.0454,598500
7272 JT,2018-01-04,3405.496,1909600
7272 JT,2018-01-05,3499.4716,1638500
7272 JT,2018-01-09,3459.1963,1611000
7272 JT,2018-01-10,3490.5215,1192700
7272 JT,2018-01-11,3468.1464,849400
7272 JT,2018-01-12,3450.2463,1506700
7272 JT,2018-01-15,3378.6458,1842500
7272 JT,2018-01-16,3396.5459,747400
7272 JT,2018-01-17,3432.3462,1280200
7272 JT,2018-01-18,3414.4461,1585300
7272 JT,2018-01-19,3414.4461,1972700
7272 JT,2018-01-22,3387.5959,1095200
7272 JT,2018-01-23,3463.6714,1015400
7272 JT,2018-01-24,3423.3961,1128100
7272 JT,2018-01-25,3320.4705,1747700
7272 JT,2018-01-26,3347.3206,1235400
7272 JT,2018-01-29,3347.3206,850600
7272 JT,2018-01-30,3293.6203,1547300
7272 JT,2018-01-31,3239.92,2024500
7272 JT,2018-02-01,3329.4205,1087800
7272 JT,2018-02-02,3298.0953,1108700
7272 JT,2018-02-05,3284.6703,1243600
7272 JT,2018-02-06,3119.0942,3145300
7272 JT,2018-02-07,3092.2441,1977000
7272 JT,2018-02-08,3163.8445,1932900
7272 JT,2018-02-09,3069.8689,2512200
7272 JT,2018-02-13,3101.1941,2111800
7272 JT,2018-02-14,3007.2185,3675500
7272 JT,2018-02-15,3038.5437,2437600
7272 JT,2018-02-16,3096.7191,1799300
7272 JT,2018-02-19,3163.8445,1474900
7272 JT,2018-02-20,3069.8689,2325800
7272 JT,2018-02-21,3078.819,2270500
7272 JT,2018-02-22,3034.0687,1954900
7272 JT,2018-02-23,3092.2441,1165000
7272 JT,2018-02-26,3092.2441,1795300
7272 JT,2018-02-27,3123.5693,1564800
7272 JT,2018-02-28,3047.4938,1400100
7272 JT,2018-03-01,3087.769,2087200
7272 JT,2018-03-02,2944.5682,2289500
7272 JT,2018-03-05,2864.0177,3118900
7272 JT,2018-03-06,2944.5682,1757200
7272 JT,2018-03-07,2886.3928,2497500
7272 JT,2018-03-08,2872.9677,1802000
7272 JT,2018-03-09,2868.4927,2806400
7272 JT,2018-03-12,2922.193,1453900
7272 JT,2018-03-13,2944.5682,1190400
7272 JT,2018-03-14,2913.243,1443300
7272 JT,2018-03-15,2890.8678,1214600
7272 JT,2018-03-16,2864.0177,1658100
7272 JT,2018-03-19,2819.2674,1583100
7272 JT,2018-03-20,2864.0177,1717500
7272 JT,2018-03-22,2908.7679,1870600
7272 JT,2018-03-23,2680.5415,4181500
7272 JT,2018-03-26,2676.0665,2466700
7272 JT,2018-03-27,2783.4672,1912300
7272 JT,2018-03-28,2796.8922,1720300
7272 JT,2018-03-29,2796.8922,1635000
7272 JT,2018-03-30,2846.1175,1621000
7272 JT,2018-04-02,2859.5426,1224500
7272 JT,2018-04-03,2837.1675,1418900
7272 JT,2018-04-04,2864.0177,1274700
7272 JT,2018-04-05,2935.6181,2101500
7272 JT,2018-04-06,2904.2929,2223500
7272 JT,2018-04-09,2872.9677,1163400
7272 JT,2018-04-10,2926.668,1963700
7272 JT,2018-04-11,2971.4183,2227900
7272 JT,2018-04-12,2940.0931,1580900
7272 JT,2018-04-13,3020.6436,2182700
7272 JT,2018-04-16,2998.2685,1262300
7272 JT,2018-04-17,2980.3684,1611600
7272 JT,2018-04-18,3038.5437,1948700
7272 JT,2018-04-19,3047.4938,1396600
7272 JT,2018-04-20,3074.344,1909900
7272 JT,2018-04-23,3092.2441,1205800
7272 JT,2018-04-24,3159.3695,1961800
7272 JT,2018-04-25,3163.8445,1936200
7272 JT,2018-04-26,3159.3695,1984500
7272 JT,2018-04-27,3132.5193,1789300
7272 JT,2018-05-01,3141.4694,1385100
7272 JT,2018-05-02,3074.344,1872200
7272 JT,2018-05-07,3034.0687,1471400
7272 JT,2018-05-08,3020.6436,1262000
7272 JT,2018-05-09,2984.8434,1260600
7272 JT,2018-05-10,3051.9688,1617400
7272 JT,2018-05-11,3047.4938,2852700
7272 JT,2018-05-14,2984.8434,1705000
7272 JT,2018-05-15,3007.2185,1496300
7272 JT,2018-05-16,2953.5182,1735300
7272 JT,2018-05-17,2953.5182,1233800
7272 JT,2018-05-18,2962.4683,1231000
7272 JT,2018-05-21,2998.2685,1089000
7272 JT,2018-05-22,3007.2185,1122000
7272 JT,2018-05-23,2949.0432,1489300
7272 JT,2018-05-24,2855.0676,2042100
7272 JT,2018-05-25,2868.4927,1612500
7272 JT,2018-05-28,2899.8179,1276400
7272 JT,2018-05-29,2877.4427,1286700
7272 JT,2018-05-30,2828.2174,1952400
7272 JT,2018-05-31,2819.2674,2773700
7272 JT,2018-06-01,2796.8922,2179200
7272 JT,2018-06-04,2810.3173,1590500
7272 JT,2018-06-05,2819.2674,1487600
7272 JT,2018-06-06,2819.2674,1280100
7272 JT,2018-06-07,2752.142,3385000
7272 JT,2018-06-08,2752.142,2460300
7272 JT,2018-06-11,2747.6669,1232900
7272 JT,2018-06-12,2774.5171,2251200
7272 JT,2018-06-13,2756.617,1181000
7272 JT,2018-06-14,2702.9167,2208400
7272 JT,2018-06-15,2702.9167,1796500
7272 JT,2018-06-18,2677.8565,1886400
7272 JT,2018-06-19,2583.8809,3232000
7272 JT,2018-06-20,2596.411,2137300
7272 JT,2018-06-21,2594.621,1349100
7272 JT,2018-06-22,2557.0308,2053900
7272 JT,2018-06-25,2501.5404,2407800
7272 JT,2018-06-26,2521.2305,2988600
7272 JT,2018-06-27,2492.1243,2130100
7272 JT,2018-06-28,2472.1146,3030300
7272 JT,2018-06-29,2533.9629,3357600
7272 JT,2018-07-02,2542.1487,2679200
7272 JT,2018-07-03,2507.5864,2105300
7272 JT,2018-07-04,2481.2099,1684100
7272 JT,2018-07-05,2482.1194,1378000
7272 JT,2018-07-06,2529.4152,1665400
7272 JT,2018-07-09,2549.425,962800
7272 JT,2018-07-10,2563.068,1463300
7272 JT,2018-07-11,2518.5008,1292200
7272 JT,2018-07-12,2570.3443,1599200
7272 JT,2018-07-13,2626.7354,2435700
7272 JT,2018-07-17,2665.8454,1578000
7272 JT,2018-07-18,2742.2463,1983400
7272 JT,2018-07-19,2774.08,1901700
7272 JT,2018-07-20,2725.8747,2056900
7272 JT,2018-07-23,2666.7549,1505900
7272 JT,2018-07-24,2654.0214,1235800
7272 JT,2018-07-25,2678.5789,886500
7272 JT,2018-07-26,2679.4884,906000
7272 JT,2018-07-27,2643.107,1470500
7272 JT,2018-07-30,2690.4028,1177500
7272 JT,2018-07-31,2674.9407,1230600
7272 JT,2018-08-01,2721.327,1413300
7272 JT,2018-08-02,2655.8405,1055100
7272 JT,2018-08-03,2674.9407,809500
7272 JT,2018-08-06,2685.8551,854100
7272 JT,2018-08-07,2713.1412,970300
7272 JT,2018-08-08,2689.4933,1573800
7272 JT,2018-08-09,2564.8871,4023600
7272 JT,2018-08-10,2565.7966,1964600
7272 JT,2018-08-13,2510.315,1519800
7272 JT,2018-08-14,2558.5203,1214500
7272 JT,2018-08-15,2510.315,1566600
7272 JT,2018-08-16,2514.8627,2016800
7272 JT,2018-08-17,2555.7917,1079500
7272 JT,2018-08-20,2564.8871,683200
7272 JT,2018-08-21,2567.6157,1047600
7272 JT,2018-08-22,2586.7159,1039100
7272 JT,2018-08-23,2516.6817,1194200
7272 JT,2018-08-24,2533.0534,831600
7272 JT,2018-08-27,2573.9824,821900
7272 JT,2018-08-28,2600.3589,1038900
7272 JT,2018-08-29,2613.0924,1009800
7272 JT,2018-08-30,2603.997,1109200
7272 JT,2018-08-31,2562.1585,1146800
7272 JT,2018-09-03,2537.601,931200
7272 JT,2018-09-04,2512.1341,861100
7272 JT,2018-09-05,2488.4862,1341800
7272 JT,2018-09-06,2507.5864,1367600
7272 JT,2018-09-07,2485.7576,1117200
7272 JT,2018-09-10,2492.1243,967500
7272 JT,2018-09-11,2473.9336,1003100
7272 JT,2018-09-12,2444.8285,1130800
7272 JT,2018-09-13,2494.8529,1094200
7272 JT,2018-09-14,2559.4299,2018600
7272 JT,2018-09-18,2581.2587,1878800
7272 JT,2018-09-19,2662.2072,1925900
7272 JT,2018-09-20,2677.6693,1545700
7272 JT,2018-09-21,2783.1753,2855300
7272 JT,2018-09-25,2764.9846,1429100
7272 JT,2018-09-26,2796.8183,1047800
7272 JT,2018-09-27,2846.8427,1759100
7272 JT,2018-09-28,2896.8671,2332700
7272 JT,2018-10-01,2860.4858,1362900
7272 JT,2018-10-02,2860.4858,1348500
7272 JT,2018-10-03,2828.652,1229300
7272 JT,2018-10-04,2855.9381,1846100
7272 JT,2018-10-05,2837.7474,1549100
7272 JT,2018-10-09,2742.2463,1697800
7272 JT,2018-10-10,2699.4982,1529100
7272 JT,2018-10-11,2603.0875,2108500
7272 JT,2018-10-12,2593.9922,2758000
7272 JT,2018-10-15,2564.8871,1264200
7272 JT,2018-10-16,2565.7966,2430700
7272 JT,2018-10-17,2553.9727,1731800
7272 JT,2018-10-18,2551.2441,1130500
7272 JT,2018-10-19,2467.5669,1702100
7272 JT,2018-10-22,2479.3908,791100
7272 JT,2018-10-23,2421.1806,1452200
7272 JT,2018-10-24,2433.0046,1351400
7272 JT,2018-10-25,2328.4081,2037600
7272 JT,2018-10-26,2329.3177,1593300
7272 JT,2018-10-29,2315.6746,1143500
7272 JT,2018-10-30,2361.1514,1573200
7272 JT,2018-10-31,2438.4618,2448600
7272 JT,2018-11-01,2082.8338,6234500
7272 JT,2018-11-02,2082.8338,3785700
7272 JT,2018-11-05,2073.7385,1930900
7272 JT,2018-11-06,2111.0294,1902600
7272 JT,2018-11-07,2101.934,2172000
7272 JT,2018-11-08,2098.2959,1927700
7272 JT,2018-11-09,2110.1199,1448400
7272 JT,2018-11-12,2121.9438,919500
7272 JT,2018-11-13,2098.2959,2021000
7272 JT,2018-11-14,2139.225,1460000
7272 JT,2018-11-15,2082.8338,1881900
7272 JT,2018-11-16,2078.2862,2156300
7272 JT,2018-11-19,2087.3815,1070300
7272 JT,2018-11-20,2039.1762,2438200
7272 JT,2018-11-21,2054.6383,1437900
7272 JT,2018-11-22,2059.1859,923600
7272 JT,2018-11-26,2073.7385,1189200
7272 JT,2018-11-27,2087.3815,1471100
7272 JT,2018-11-28,2064.6431,1505500
7272 JT,2018-11-29,2112.8485,1751700
7272 JT,2018-11-30,2123.7629,2984800
7272 JT,2018-12-03,2159.2347,1392200
7272 JT,2018-12-04,2102.8436,1848700
7272 JT,2018-12-05,2058.2764,1498900
7272 JT,2018-12-06,2035.538,1506400
7272 JT,2018-12-07,2056.4573,1303800
7272 JT,2018-12-10,2045.5429,1490700
7272 JT,2018-12-11,1981.8755,1805700
7272 JT,2018-12-12,2064.6431,2688900
7272 JT,2018-12-13,2161.0538,2442100
7272 JT,2018-12-14,2097.3864,2632700
7272 JT,2018-12-17,2113.758,1490900
7272 JT,2018-12-18,2068.2813,1680100
7272 JT,2018-12-19,2079.1957,1611200
7272 JT,2018-12-20,1984.6041,2178500
7272 JT,2018-12-21,1960.0467,2806700
7272 JT,2018-12-25,1844.5358,2640600
7272 JT,2018-12-26,1868.7197,2246600
7272 JT,2018-12-27,1987.782,2299200
7272 JT,2018-12-28,2008.2458,1391700
7272 JT,2019-01-04,1959.8767,1507000
7272 JT,2019-01-07,2019.4079,1496300
7272 JT,2019-01-08,2039.8717,1526700
7272 JT,2019-01-09,2065.9166,1488200
7272 JT,2019-01-10,2028.7096,1361300
7272 JT,2019-01-11,2064.0562,1604500
7272 JT,2019-01-15,2073.358,1387400
7272 JT,2019-01-16,2059.4054,1313300
7272 JT,2019-01-17,2064.9864,979800
7272 JT,2019-01-18,2118.0063,1253100
7272 JT,2019-01-21,2158.934,1382100
7272 JT,2019-01-22,2152.4228,1522500
7272 JT,2019-01-23,2160.7943,1331700
7272 JT,2019-01-24,2160.7943,1091300
7272 JT,2019-01-25,2179.3978,1073700
7272 JT,2019-01-28,2179.3978,1058000
7272 JT,2019-01-29,2171.9564,963800
7272 JT,2019-01-30,2122.6572,1680100
7272 JT,2019-01-31,2163.5848,1454800
7272 JT,2019-02-01,2156.1435,1034600
7272 JT,2019-02-04,2184.0487,1147900
7272 JT,2019-02-05,2195.2108,851000
7272 JT,2019-02-06,2218.4651,1060600
7272 JT,2019-02-07,2176.6073,1061400
7272 JT,2019-02-08,2090.1011,1782300
7272 JT,2019-02-12,2185.909,1709400
7272 JT,2019-02-13,2074.2881,4087100
7272 JT,2019-02-14,2066.8467,2246500
7272 JT,2019-02-15,1997.0837,2335200
7272 JT,2019-02-18,2075.2183,1418500
7272 JT,2019-02-19,2090.1011,1417300
7272 JT,2019-02-20,2089.1709,1314200
7272 JT,2019-02-21,2076.1485,1452100
7272 JT,2019-02-22,2094.752,1277600
7272 JT,2019-02-25,2160.7943,2392800
7272 JT,2019-02-26,2165.4452,2037500
7272 JT,2019-02-27,2137.54,2638200
7272 JT,2019-02-28,2099.4028,1315500
7272 JT,2019-03-01,2081.7295,1480800
7272 JT,2019-03-04,2116.146,1406100
7272 JT,2019-03-05,2103.1235,1408400
7272 JT,2019-03-06,2066.8467,1722800
7272 JT,2019-03-07,2044.5226,1391700
7272 JT,2019-03-08,1983.1311,2185600
7272 JT,2019-03-11,1990.5725,1063900
7272 JT,2019-03-12,2011.9665,1759800
7272 JT,2019-03-13,1982.2009,1668000
7272 JT,2019-03-14,1966.3879,1702300
7272 JT,2019-03-15,1990.5725,1702100
7272 JT,2019-03-18,2030.57,1441400
7272 JT,2019-03-19,2026.8493,1145300
7272 JT,2019-03-20,2027.7794,863000
7272 JT,2019-03-22,2026.8493,1540300
7272 JT,2019-03-25,1967.3181,1914100
7272 JT,2019-03-26,2029.6398,1838000
7272 JT,2019-03-27,2033.3605,1276700
7272 JT,2019-03-28,1987.782,1337300
7272 JT,2019-03-29,2019.4079,1666700
7272 JT,2019-04-01,2061.2657,1466800
7272 JT,2019-04-02,2093.8218,1324200
7272 JT,2019-04-03,2084.5201,1343500
7272 JT,2019-04-04,2065.9166,1560900
7272 JT,2019-04-05,2186.8392,2580600
7272 JT,2019-04-08,2172.8866,1993800
7272 JT,2019-04-09,2170.0961,1436300
7272 JT,2019-04-10,2158.0038,1675800
7272 JT,2019-04-11,2134.7495,860500
7272 JT,2019-04-12,2169.1659,1637300
7272 JT,2019-04-15,2227.7669,2239700
7272 JT,2019-04-16,2228.697,2192200
7272 JT,2019-04-17,2295.6696,2707600
7272 JT,2019-04-18,2262.1833,1464200
7272 JT,2019-04-19,2270.5549,952500
7272 JT,2019-04-22,2253.8117,767800
7272 JT,2019-04-23,2218.4651,1165700
7272 JT,2019-04-24,2194.2806,1593100
7272 JT,2019-04-25,2186.8392,1094100
7272 JT,2019-04-26,2128.2382,1925200
7272 JT,2019-05-07,2093.8218,2164000
7272 JT,2019-05-08,1813.8394,8024700
7272 JT,2019-05-09,1818.4903,3604900
7272 JT,2019-05-10,1786.8644,3143600
7272 JT,2019-05-13,1775.7023,1514500
7272 JT,2019-05-14,1778.4928,2295700
7272 JT,2019-05-15,1771.9816,1937800
7272 JT,2019-05-16,1777.5626,1410100
7272 JT,2019-05-17,1772.9117,1431900
7272 JT,2019-05-20,1779.423,1295200
7272 JT,2019-05-21,1784.0738,1215400
7272 JT,2019-05-22,1780.3531,1319100
7272 JT,2019-05-23,1746.8669,1488800
7272 JT,2019-05-24,1756.1686,1639900
7272 JT,2019-05-27,1738.4953,1218800
7272 JT,2019-05-28,1770.1212,1767300
7272 JT,2019-05-29,1745.0065,1542200
7272 JT,2019-05-30,1774.7721,1172400
7272 JT,2019-05-31,1732.9143,1642200
7272 JT,2019-06-03,1698.4978,1853800
7272 JT,2019-06-04,1744.0763,1805700
7272 JT,2019-06-05,1796.1661,1920900
7272 JT,2019-06-06,1765.4704,1245400
7272 JT,2019-06-07,1777.5626,865000
7272 JT,2019-06-10,1791.5152,1347500
7272 JT,2019-06-11,1803.6075,1180600
7272 JT,2019-06-12,1785.9342,1272500
7272 JT,2019-06-13,1758.9591,1740400
7272 JT,2019-06-14,1773.8419,1442500
7272 JT,2019-06-17,1750.5876,1819500
7272 JT,2019-06-18,1741.2858,1680500
7272 JT,2019-06-19,1785.9342,1840400
7272 JT,2019-06-20,1764.5402,1586500
7272 JT,2019-06-21,1773.8419,3150100
7272 JT,2019-06-24,1787.7945,1483400
7272 JT,2019-06-25,1764.5402,2653100
7272 JT,2019-06-26,1778.8324,1629800
7272 JT,2019-06-27,1828.3768,2121400
7272 JT,2019-06-28,1824.5657,1597900
7272 JT,2019-07-01,1867.4406,2578500
7272 JT,2019-07-02,1868.3933,1728100
7272 JT,2019-07-03,1843.6212,1246900
7272 JT,2019-07-04,1842.6684,753600
7272 JT,2019-07-05,1849.3378,1035300
7272 JT,2019-07-08,1835.0462,1445500
7272 JT,2019-07-09,1835.999,1401100
7272 JT,2019-07-10,1808.3685,2124600
7272 JT,2019-07-11,1803.6046,1457100
7272 JT,2019-07-12,1790.2657,1454000
7272 JT,2019-07-16,1787.4074,1500800
7272 JT,2019-07-17,1784.5491,1867000
7272 JT,2019-07-18,1745.4853,2578400
7272 JT,2019-07-19,1812.1796,1960000
7272 JT,2019-07-22,1822.6601,1481500
7272 JT,2019-07-23,1835.999,1197100
7272 JT,2019-07-24,1847.4323,1186500
7272 JT,2019-07-25,1847.4323,1182300
7272 JT,2019-07-26,1799.7935,1735600
7272 JT,2019-07-29,1786.4546,2212600
7272 JT,2019-07-30,1822.6601,3107700
7272 JT,2019-07-31,1827.424,2108500
7272 JT,2019-08-01,1834.0934,1167800
7272 JT,2019-08-02,1761.6825,2637000
7272 JT,2019-08-05,1710.2326,2118300
7272 JT,2019-08-06,1678.791,2793100
7272 JT,2019-08-07,1654.0188,2210200
7272 JT,2019-08-08,1642.5855,1878800
7272 JT,2019-08-09,1628.2938,3269900
7272 JT,2019-08-13,1626.3883,2680800
7272 JT,2019-08-14,1647.3494,1920600
7272 JT,2019-08-15,1626.3883,1629900
7272 JT,2019-08-16,1630.1994,2032000
7272 JT,2019-08-19,1664.4993,1745100
7272 JT,2019-08-20,1669.2632,1367900
7272 JT,2019-08-21,1667.3577,1060800
7272 JT,2019-08-22,1672.1215,1014900
7272 JT,2019-08-23,1679.7437,1086900
7272 JT,2019-08-26,1657.8299,1430200
7272 JT,2019-08-27,1672.1215,1121900
7272 JT,2019-08-28,1636.8688,1534500
7272 JT,2019-08-29,1621.6244,1118600
7272 JT,2019-08-30,1655.9243,1938800
7272 JT,2019-09-02,1618.7661,1707100
7272 JT,2019-09-03,1626.3883,1352900
7272 JT,2019-09-04,1603.5217,1640100
7272 JT,2019-09-05,1653.066,1940600
7272 JT,2019-09-06,1705.4687,2036100
7272 JT,2019-09-09,1737.8631,1863800
7272 JT,2019-09-10,1776.9269,2080800
7272 JT,2019-09-11,1854.1017,3243400
7272 JT,2019-09-12,1886.4961,3054900
7272 JT,2019-09-13,1903.646,2760600
7272 JT,2019-09-17,1870.2989,1596100
7272 JT,2019-09-18,1858.8656,1348400
7272 JT,2019-09-19,1844.5739,1532200
7272 JT,2019-09-20,1835.0462,1449500
7272 JT,2019-09-24,1848.3851,981400
7272 JT,2019-09-25,1858.8656,1178100
7272 JT,2019-09-26,1883.6378,1948400
7272 JT,2019-09-27,1878.8739,1916400
7272 JT,2019-09-30,1865.535,1848200
7272 JT,2019-10-01,1932.2293,2063700
7272 JT,2019-10-02,1874.11,2104200
7272 JT,2019-10-03,1845.5267,1878800
7272 JT,2019-10-04,1846.4795,1190100
7272 JT,2019-10-07,1846.4795,759600
7272 JT,2019-10-08,1858.8656,1180800
7272 JT,2019-10-09,1832.1879,1330800
7272 JT,2019-10-10,1835.999,1872200
7272 JT,2019-10-11,1897.9294,2152200
7272 JT,2019-10-15,1982.7264,3283300
7272 JT,2019-10-16,2037.0347,4194200
7272 JT,2019-10-17,1995.1125,1780800
7272 JT,2019-10-18,1998.9236,1309500
7272 JT,2019-10-21,2000.8292,882200
7272 JT,2019-10-23,2028.4597,1610500
7272 JT,2019-10-24,2072.2874,1632800
7272 JT,2019-10-25,2066.5707,1082500
7272 JT,2019-10-28,2064.6652,951900
7272 JT,2019-10-29,2088.4846,1240500
7272 JT,2019-10-30,2074.1929,1875500
7272 JT,2019-10-31,2038.9402,2238200
7272 JT,2019-11-01,2037.0347,1473100
7272 JT,2019-11-05,2098.9651,1650200
7272 JT,2019-11-06,2108.4928,1313800
7272 JT,2019-11-07,2094.2012,956700
7272 JT,2019-11-08,2088.4846,2199400
7272 JT,2019-11-11,2074.1929,1526300
7272 JT,2019-11-12,2110.3984,1437100
7272 JT,2019-11-13,2086.579,1452300
7272 JT,2019-11-14,2186.6205,5093300
7272 JT,2019-11-15,2192.3371,2205400
7272 JT,2019-11-18,2205.676,1981500
7272 JT,2019-11-19,2188.526,1442100
7272 JT,2019-11-20,2156.1316,1072000
7272 JT,2019-11-21,2143.7456,1149600
7272 JT,2019-11-22,2154.2261,926700
7272 JT,2019-11-25,2170.4233,662600
7272 JT,2019-11-26,2177.0927,1438400
7272 JT,2019-11-27,2196.1482,1205300
7272 JT,2019-11-28,2201.8649,978400
7272 JT,2019-11-29,2178.9983,1033900
7272 JT,2019-12-02,2198.0538,960800
7272 JT,2019-12-03,2164.7066,1864800
7272 JT,2019-12-04,2152.3205,1257800
7272 JT,2019-12-05,2186.6205,1412800
7272 JT,2019-12-06,2183.7621,1130000
7272 JT,2019-12-09,2189.4788,1065700
7272 JT,2019-12-10,2174.2344,1226900
7272 JT,2019-12-11,2176.1399,961900
7272 JT,2019-12-12,2140.8872,1413800
7272 JT,2019-12-13,2239.0231,3587600
7272 JT,2019-12-16,2207.5815,1344800
7272 JT,2019-12-17,2185.6677,1489300
7272 JT,2019-12-18,2183.7621,1134100
7272 JT,2019-12-19,2184.7149,984100
7272 JT,2019-12-20,2184.7149,1365600
7272 JT,2019-12-23,2165.6594,1298300
7272 JT,2019-12-24,2157.0844,1025500
7272 JT,2019-12-25,2143.7456,983300
7272 JT,2019-12-26,2167.5649,1563500
7272 JT,2019-12-27,2162.7044,1291700
7272 JT,2019-12-30,2141.3204,1026400
7272 JT,2020-01-06,2091.7483,1527900
7272 JT,2020-01-07,2123.8244,1368800
7272 JT,2020-01-08,2061.6162,2194400
7272 JT,2020-01-09,2081.0563,1278100
7272 JT,2020-01-10,2071.3363,1437600
7272 JT,2020-01-14,2069.3923,1720700
7272 JT,2020-01-15,2067.4483,886400
7272 JT,2020-01-16,2073.2803,872000
7272 JT,2020-01-17,2127.7124,1725900
7272 JT,2020-01-20,2147.1524,968900
7272 JT,2020-01-21,2123.8244,972100
7272 JT,2020-01-22,2117.9924,855500
7272 JT,2020-01-23,2093.6923,1044600
7272 JT,2020-01-24,2070.3643,903300
7272 JT,2020-01-27,2031.4842,1027700
7272 JT,2020-01-28,2008.1561,1232200
7272 JT,2020-01-29,2014.9601,827300
7272 JT,2020-01-30,1987.7441,936400
7272 JT,2020-01-31,2004.2681,1395000
7272 JT,2020-02-03,1990.6601,1055400
7272 JT,2020-02-04,1975.1081,1111200
7272 JT,2020-02-05,2005.2401,1048800
7272 JT,2020-02-06,2061.6162,1431700
7272 JT,2020-02-07,2045.0922,1146100
7272 JT,2020-02-10,2008.1561,1043200
7272 JT,2020-02-12,1994.5481,1486000
7272 JT,2020-02-13,1897.3479,3732600
7272 JT,2020-02-14,1898.3199,1755800
7272 JT,2020-02-17,1879.8519,1253100
7272 JT,2020-02-18,1870.1318,1078900
7272 JT,2020-02-19,1865.2718,891700
7272 JT,2020-02-20,1891.5159,1404600
7272 JT,2020-02-21,1877.9079,1247300
7272 JT,2020-02-25,1804.0357,1953500
7272 JT,2020-02-26,1776.8197,1814900
7272 JT,2020-02-27,1742.7996,2000400
7272 JT,2020-02-28,1679.6195,3279200
7272 JT,2020-03-02,1669.8994,2279800
7272 JT,2020-03-03,1654.3474,1984700
7272 JT,2020-03-04,1653.3754,1869600
7272 JT,2020-03-05,1647.5434,2035000
7272 JT,2020-03-06,1570.7552,2623400
7272 JT,2020-03-09,1454.115,3440000
7272 JT,2020-03-10,1413.2909,4222100
7272 JT,2020-03-11,1393.8509,3451000
7272 JT,2020-03-12,1339.4188,5837200
7272 JT,2020-03-13,1241.2466,4673700
7272 JT,2020-03-16,1222.7785,3029900
7272 JT,2020-03-17,1227.6385,5567100
7272 JT,2020-03-18,1180.9824,4201600
7272 JT,2020-03-19,1089.6142,5611300
7272 JT,2020-03-23,1145.9904,4437900
7272 JT,2020-03-24,1217.9185,3364700
7272 JT,2020-03-25,1373.4388,3969800
7272 JT,2020-03-26,1289.8467,3326200
7272 JT,2020-03-27,1356.9148,3416000
7272 JT,2020-03-30,1312.2027,3270700
7272 JT,2020-03-31,1270.4066,2862200
7272 JT,2020-04-01,1219.8625,2595600
7272 JT,2020-04-02,1192.6465,3007700
7272 JT,2020-04-03,1167.3744,2672100
7272 JT,2020-04-06,1203.3385,2460800
7272 JT,2020-04-07,1265.5466,2775400
7272 JT,2020-04-08,1257.7706,2959100
7272 JT,2020-04-09,1281.0986,2559200
7272 JT,2020-04-10,1281.0986,2305300
7272 JT,2020-04-13,1227.6385,2370800
7272 JT,2020-04-14,1239.3026,2726100
7272 JT,2020-04-15,1217.9185,2526900
7272 JT,2020-04-16,1190.7025,2110000
7272 JT,2020-04-17,1216.9465,3037900
7272 JT,2020-04-20,1235.4145,1939000
7272 JT,2020-04-21,1175.1504,3911300
7272 JT,2020-04-22,1174.1784,2501400
7272 JT,2020-04-23,1227.6385,2149100
7272 JT,2020-04-24,1236.3865,2883400
7272 JT,2020-04-27,1281.0986,2684800
7272 JT,2020-04-28,1288.8747,2215800
7272 JT,2020-04-30,1363.7188,3711400
7272 JT,2020-05-01,1306.3707,2178000
7272 JT,2020-05-07,1284.9866,2088100
7272 JT,2020-05-08,1326.7827,3202500
7272 JT,2020-05-11,1401.6269,2734300
7272 JT,2020-05-12,1360.8028,2175500
7272 JT,2020-05-13,1349.1388,1757300
7272 JT,2020-05-14,1332.6147,2027300
7272 JT,2020-05-15,1329.6987,1870700
7272 JT,2020-05-18,1326.7827,1259800
7272 JT,2020-05-19,1357.8868,2589700
7272 JT,2020-05-20,1354.9708,2398500
7272 JT,2020-05-21,1385.1029,1983900
7272 JT,2020-05-22,1360.8028,2008300
7272 JT,2020-05-25,1389.9629,1785300
7272 JT,2020-05-26,1459.947,2629000
7272 JT,2020-05-27,1528.9591,2844100
7272 JT,2020-05-28,1563.9512,5142600
7272 JT,2020-05-29,1511.4631,4501800
7272 JT,2020-06-01,1492.0231,5762000
7272 JT,2020-06-02,1541.5952,4011700
7272 JT,2020-06-03,1596.0273,3585100
7272 JT,2020-06-04,1609.6353,3457300
7272 JT,2020-06-05,1680.5915,3274700
7272 JT,2020-06-08,1783.6237,5554700
7272 JT,2020-06-09,1720.4435,4617700
7272 JT,2020-06-10,1723.3595,3428000
7272 JT,2020-06-11,1637.8234,4182400
7272 JT,2020-06-12,1611.5793,4084100
7272 JT,2020-06-15,1525.0711,2944300
7272 JT,2020-06-16,1677.6755,4726400
7272 JT,2020-06-17,1658.2354,3182500
7272 JT,2020-06-18,1622.2713,2321500
7272 JT,2020-06-19,1632.9634,2780500
7272 JT,2020-06-22,1606.7193,2012000
7272 JT,2020-06-23,1629.0754,1996900
7272 JT,2020-06-24,1625.1873,1651300
7272 JT,2020-06-25,1633.9354,3072400
7272 JT,2020-06-26,1666.0114,2983000
7272 JT,2020-06-29,1593.1113,2473100
7272 JT,2020-06-30,1640.7394,2620600
7272 JT,2020-07-01,1593.1113,2417700
7272 JT,2020-07-02,1589.2233,2274700
7272 JT,2020-07-03,1587.2793,1884200
7272 JT,2020-07-06,1647.5434,2117400
7272 JT,2020-07-07,1630.0474,2460400
7272 JT,2020-07-08,1596.0273,2621800
7272 JT,2020-07-09,1607.6913,1962300
7272 JT,2020-07-10,1579.5033,2877500
7272 JT,2020-07-13,1650.4594,2287700
7272 JT,2020-07-14,1651.4314,1778400
7272 JT,2020-07-15,1688.3675,2243500
7272 JT,2020-07-16,1691.2835,2140400
7272 JT,2020-07-17,1657.2634,1471300
7272 JT,2020-07-20,1639.7674,1603800
7272 JT,2020-07-21,1629.0754,1847100
7272 JT,2020-07-22,1628.1034,1484300
7272 JT,2020-07-27,1619.3553,1738800
7272 JT,2020-07-28,1608.6633,1199100
7272 JT,2020-07-29,1586.3073,1694500
7272 JT,2020-07-30,1581.4473,3758400
7272 JT,2020-07-31,1492.0231,3209600
7272 JT,2020-08-03,1537.7072,1905800
7272 JT,2020-08-04,1633.9354,2560600
7272 JT,2020-08-05,1629.0754,1763800
7272 JT,2020-08-06,1628.1034,2701100
7272 JT,2020-08-07,1628.1034,3282500
7272 JT,2020-08-11,1708.7795,3342400
7272 JT,2020-08-12,1735.0236,2122600
7272 JT,2020-08-13,1742.7996,1916200
7272 JT,2020-08-14,1733.0796,1722300
7272 JT,2020-08-17,1725.3036,1288400
7272 JT,2020-08-18,1676.7035,1388600
7272 JT,2020-08-19,1653.3754,1155700
7272 JT,2020-08-20,1621.2993,1843300
7272 JT,2020-08-21,1622.2713,1447000
7272 JT,2020-08-24,1617.4113,865200
7272 JT,2020-08-25,1667.9554,2173600
7272 JT,2020-08-26,1654.3474,1109500
7272 JT,2020-08-27,1607.6913,1860400
7272 JT,2020-08-28,1610.6073,2643500
7272 JT,2020-08-31,1624.2153,1788000
7272 JT,2020-09-01,1625.1873,1645600
7272 JT,2020-09-02,1607.6913,1711700
7272 JT,2020-09-03,1631.0194,1914900
7272 JT,2020-09-04,1632.9634,1313000
7272 JT,2020-09-07,1652.4034,1156900
7272 JT,2020-09-08,1658.2354,1102900
7272 JT,2020-09-09,1637.8234,1484600
7272 JT,2020-09-10,1645.5994,1514900
7272 JT,2020-09-11,1647.5434,2290000
7272 JT,2020-09-14,1694.1995,1558800
7272 JT,2020-09-15,1653.3754,1388200
7272 JT,2020-09-16,1609.6353,1690500
7272 JT,2020-09-17,1554.2312,2031200
7272 JT,2020-09-18,1549.3712,2076400
7272 JT,2020-09-23,1528.9591,2190000
7272 JT,2020-09-24,1510.4911,2941800
7272 JT,2020-09-25,1505.6311,1929700
7272 JT,2020-09-28,1539.6512,1506900
7272 JT,2020-09-29,1527.0151,1856800
7272 JT,2020-09-30,1479.387,2069500
7272 JT,2020-10-02,1499.7991,1888500
7272 JT,2020-10-05,1559.0912,1512900
7272 JT,2020-10-06,1582.4193,1338900
7272 JT,2020-10-07,1602.8313,1345000
7272 JT,2020-10-08,1575.6152,2855600
7272 JT,2020-10-09,1566.8672,1470700
7272 JT,2020-10-12,1538.6792,1411600
7272 JT,2020-10-13,1529.9311,1004000
7272 JT,2020-10-14,1498.8271,1333400
7272 JT,2020-10-15,1485.2191,1169300
7272 JT,2020-10-16,1464.807,1183000
7272 JT,2020-10-19,1498.8271,890300
7272 JT,2020-10-20,1476.471,764800
7272 JT,2020-10-21,1512.4351,1206000
7272 JT,2020-10-22,1501.7431,874600
7272 JT,2020-10-23,1527.9871,815300
7272 JT,2020-10-26,1548.3992,1044800
7272 JT,2020-10-27,1517.2951,1067400
7272 JT,2020-10-28,1468.695,1651700
7272 JT,2020-10-29,1494.9391,1731600
7272 JT,2020-10-30,1441.479,1847600
7272 JT,2020-11-02,1483.2751,1545700
7272 JT,2020-11-04,1498.8271,1860000
7272 JT,2020-11-05,1468.695,1718500
7272 JT,2020-11-06,1487.1631,1954700
7272 JT,2020-11-09,1517.2951,2485000
7272 JT,2020-11-10,1841.9438,8826100
7272 JT,2020-11-11,1871.1039,3797800
7272 JT,2020-11-12,1861.3838,2496200
7272 JT,2020-11-13,1874.9919,2784000
7272 JT,2020-11-16,1939.144,2725100
7272 JT,2020-11-17,1957.612,2280700
7272 JT,2020-11-18,1917.7599,1998700
7272 JT,2020-11-19,1901.2359,1853300
7272 JT,2020-11-20,1909.9839,1864100
7272 JT,2020-11-24,1941.088,2379800
7272 JT,2020-11-25,1960.528,2650200
7272 JT,2020-11-26,1962.472,1385700
7272 JT,2020-11-27,1964.416,1686800
7272 JT,2020-11-30,1953.724,4323400
7272 JT,2020-12-01,2020.7922,2376800
7272 JT,2020-12-02,2085.9163,2793500
7272 JT,2020-12-03,2130.6284,2311200
7272 JT,2020-12-04,2163.6765,1611700
7272 JT,2020-12-07,2101.4683,1831400
7272 JT,2020-12-08,2081.0563,1466400
7272 JT,2020-12-09,2132.5724,1229800
7272 JT,2020-12-10,2142.2924,1427500
7272 JT,2020-12-11,2122.8524,1751600
7272 JT,2020-12-14,2099.5243,2029200
7272 JT,2020-12-15,2067.4483,1799500
7272 JT,2020-12-16,2101.4683,1698700
7272 JT,2020-12-17,2078.1403,1292000
7272 JT,2020-12-18,2090.7763,1543500
7272 JT,2020-12-21,2054.8122,1660200
7272 JT,2020-12-22,2041.2042,1265800
7272 JT,2020-12-23,2020.7922,1552900
7272 JT,2020-12-24,2044.1202,910200
7272 JT,2020-12-25,2071.3363,885500
7272 JT,2020-12-28,2083.0003,1583700
7272 JT,2020-12-29,2135.0,1322300
7272 JT,2020-12-30,2104.0,1214500
7272 JT,2021-01-04,2063.0,1175800
7272 JT,2021-01-05,2019.0,1984600
7272 JT,2021-01-06,2118.0,2981900
7272 JT,2021-01-07,2159.0,2581200
7272 JT,2021-01-08,2156.0,1772200
7272 JT,2021-01-12,2169.0,1565800
7272 JT,2021-01-13,2169.0,1388000
7272 JT,2021-01-14,2129.0,1735500
7272 JT,2021-01-15,2093.0,1973900
7272 JT,2021-01-18,2060.0,1412500
7272 JT,2021-01-19,2095.0,1866800
7272 JT,2021-01-20,2165.0,1980500
7272 JT,2021-01-21,2176.0,1474900
7272 JT,2021-01-22,2177.0,1394700
7272 JT,2021-01-25,2195.0,1173600
7272 JT,2021-01-26,2200.0,1988600
7272 JT,2021-01-27,2231.0,1682000
7272 JT,2021-01-28,2268.0,3539400
7272 JT,2021-01-29,2300.0,4150800
7272 JT,2021-02-01,2382.0,3076000
7272 JT,2021-02-02,2418.0,2998300
7272 JT,2021-02-03,2465.0,2550700
7272 JT,2021-02-04,2444.0,1708500
7272 JT,2021-02-05,2426.0,2541500
7272 JT,2021-02-08,2477.0,1871200
7272 JT,2021-02-09,2451.0,1421800
7272 JT,2021-02-10,2491.0,1987600
7272 JT,2021-02-12,2460.0,2577200
7272 JT,2021-02-15,2450.0,2715000
7272 JT,2021-02-16,2442.0,1601500
7272 JT,2021-02-17,2425.0,1532600
7272 JT,2021-02-18,2365.0,1958600
7272 JT,2021-02-19,2393.0,1992900
7272 JT,2021-02-22,2410.0,2075900
7272 JT,2021-02-24,2435.0,2852600
7272 JT,2021-02-25,2440.0,2044000
7272 JT,2021-02-26,2319.0,2867400
7272 JT,2021-03-01,2329.0,1968600
7272 JT,2021-03-02,2315.0,1644000
7272 JT,2021-03-03,2407.0,1838300
7272 JT,2021-03-04,2415.0,1737500
7272 JT,2021-03-05,2418.0,1589000
7272 JT,2021-03-08,2444.0,1810100
7272 JT,2021-03-09,2447.0,2092500
7272 JT,2021-03-10,2569.0,3678200
7272 JT,2021-03-11,2630.0,2599000
7272 JT,2021-03-12,2666.0,2595300
7272 JT,2021-03-15,2649.0,1518100
7272 JT,2021-03-16,2690.0,1809700
7272 JT,2021-03-17,2654.0,1625700
7272 JT,2021-03-18,2690.0,1700500
7272 JT,2021-03-19,2740.0,2873900
